imagem,classe_id,x_min,y_min,x_max,y_max
cena_01_parque.jpg,0,604,415,640,516
cena_01_parque.jpg,0,846,217,865,246
cena_01_parque.jpg,0,804,450,841,538
cena_01_parque.jpg,0,805,455,824,485
cena_01_parque.jpg,0,821,431,846,532
cena_01_parque.jpg,0,752,433,783,516
cena_01_parque.jpg,0,719,419,749,514
cena_01_parque.jpg,0,766,410,802,502
cena_01_parque.jpg,1,709,383,806,426
cena_01_parque.jpg,1,721,364,790,398
cena_01_parque.jpg,1,257,319,395,414
cena_01_parque.jpg,0,322,337,369,392
cena_01_parque.jpg,0,488,231,506,276
cena_01_parque.jpg,1,489,251,508,287
cena_01_parque.jpg,0,634,248,655,304
cena_01_parque.jpg,0,636,255,653,271
cena_01_parque.jpg,0,680,239,706,302
cena_01_parque.jpg,0,700,234,711,293
cena_01_parque.jpg,0,653,251,671,284
cena_01_parque.jpg,1,632,219,669,249
cena_01_parque.jpg,1,619,206,653,236
cena_01_parque.jpg,0,748,193,762,219
cena_01_parque.jpg,0,754,179,763,203
cena_01_parque.jpg,0,760,189,767,203
cena_01_parque.jpg,1,659,162,687,186
cena_01_parque.jpg,0,506,204,516,223
cena_01_parque.jpg,0,503,191,517,226
cena_01_parque.jpg,1,503,199,514,232
cena_01_parque.jpg,1,498,203,521,224
cena_01_parque.jpg,0,513,168,527,198
cena_01_parque.jpg,1,516,176,525,203
cena_01_parque.jpg,0,476,165,480,183
cena_01_parque.jpg,0,474,158,485,190
cena_01_parque.jpg,0,479,162,484,182
cena_01_parque.jpg,1,474,168,485,192
cena_01_parque.jpg,0,515,152,523,172
cena_01_parque.jpg,0,509,149,521,173
cena_01_parque.jpg,1,511,158,519,181
cena_01_parque.jpg,0,516,133,523,149
cena_01_parque.jpg,0,516,129,525,146
cena_01_parque.jpg,1,515,139,524,154
cena_01_parque.jpg,0,524,121,533,148
cena_01_parque.jpg,0,570,123,576,138
cena_01_parque.jpg,0,567,115,574,133
cena_01_parque.jpg,0,558,119,563,133
cena_01_parque.jpg,0,498,114,503,132
cena_01_parque.jpg,1,505,113,510,122
cena_01_parque.jpg,0,506,108,511,123
cena_01_parque.jpg,0,530,110,535,135
cena_01_parque.jpg,0,535,110,541,133
cena_01_parque.jpg,0,520,114,525,131
cena_01_parque.jpg,0,517,106,521,127
cena_01_parque.jpg,0,523,110,527,126
cena_01_parque.jpg,0,532,105,537,119
cena_01_parque.jpg,0,523,105,529,120
cena_01_parque.jpg,0,536,87,542,106
cena_01_parque.jpg,0,542,79,548,96
cena_01_parque.jpg,1,546,86,551,97
cena_01_parque.jpg,0,545,76,549,89
cena_01_parque.jpg,0,518,92,522,105
cena_01_parque.jpg,1,523,97,526,104
cena_02_praca_noturna.jpg,0,200,337,231,392
cena_02_praca_noturna.jpg,0,327,299,348,353
cena_02_praca_noturna.jpg,0,380,283,402,341
cena_02_praca_noturna.jpg,0,520,304,542,353
cena_02_praca_noturna.jpg,0,689,412,710,462
cena_02_praca_noturna.jpg,0,770,424,803,481
cena_02_praca_noturna.jpg,0,85,210,111,255
cena_02_praca_noturna.jpg,0,97,211,130,256
cena_02_praca_noturna.jpg,0,98,202,118,232
cena_02_praca_noturna.jpg,0,128,164,149,204
cena_02_praca_noturna.jpg,0,123,161,138,201
cena_02_praca_noturna.jpg,0,94,52,110,81
cena_02_praca_noturna.jpg,0,167,55,185,83
cena_02_praca_noturna.jpg,0,259,85,273,117
cena_02_praca_noturna.jpg,0,187,38,201,67
cena_02_praca_noturna.jpg,0,212,17,221,38
cena_02_praca_noturna.jpg,0,150,23,159,46
cena_02_praca_noturna.jpg,0,104,7,113,31
cena_02_praca_noturna.jpg,0,305,153,322,190
cena_02_praca_noturna.jpg,0,295,227,312,272
cena_02_praca_noturna.jpg,0,263,236,279,278
cena_02_praca_noturna.jpg,0,353,213,368,251
cena_02_praca_noturna.jpg,0,444,248,465,295
cena_02_praca_noturna.jpg,0,506,216,522,260
cena_02_praca_noturna.jpg,0,606,156,619,199
cena_02_praca_noturna.jpg,0,562,116,571,149
cena_02_praca_noturna.jpg,0,553,125,562,159
cena_02_praca_noturna.jpg,0,537,129,552,165
cena_02_praca_noturna.jpg,0,436,174,449,211
cena_02_praca_noturna.jpg,0,459,163,468,201
cena_02_praca_noturna.jpg,0,483,97,498,129
cena_02_praca_noturna.jpg,0,498,61,507,93
cena_02_praca_noturna.jpg,0,557,42,566,68
cena_02_praca_noturna.jpg,0,566,55,572,69
cena_02_praca_noturna.jpg,0,383,132,396,168
cena_02_praca_noturna.jpg,1,371,60,394,78
cena_02_praca_noturna.jpg,1,363,61,388,82
cena_02_praca_noturna.jpg,0,273,45,283,71
cena_02_praca_noturna.jpg,0,280,55,288,72
cena_02_praca_noturna.jpg,0,621,245,641,288
cena_02_praca_noturna.jpg,0,637,238,654,282
cena_02_praca_noturna.jpg,0,651,205,675,243
cena_02_praca_noturna.jpg,0,670,228,701,267
cena_02_praca_noturna.jpg,0,734,194,755,235
cena_02_praca_noturna.jpg,0,760,210,781,253
cena_02_praca_noturna.jpg,0,776,203,800,241
cena_02_praca_noturna.jpg,0,842,202,869,245
cena_02_praca_noturna.jpg,0,923,253,957,301
cena_02_praca_noturna.jpg,0,632,147,644,188
cena_02_praca_noturna.jpg,0,716,39,726,66
cena_02_praca_noturna.jpg,0,689,33,698,55
cena_02_praca_noturna.jpg,0,453,0,463,21
cena_02_praca_noturna.jpg,0,680,6,690,28
cena_02_praca_noturna.jpg,0,688,6,696,27
cena_02_praca_noturna.jpg,0,393,28,400,53
cena_02_praca_noturna.jpg,0,319,36,330,64
cena_02_praca_noturna.jpg,0,104,79,115,108
cena_02_praca_noturna.jpg,0,109,77,125,106
cena_02_praca_noturna.jpg,0,656,77,664,106
cena_02_praca_noturna.jpg,0,662,72,671,102
cena_03_patio.jpg,1,540,551,797,764
cena_03_patio.jpg,1,891,656,1031,764
cena_03_patio.jpg,1,233,411,527,557
cena_03_patio.jpg,1,597,342,750,479
cena_03_patio.jpg,1,595,244,779,352
cena_03_patio.jpg,1,1179,241,1251,336
cena_03_patio.jpg,1,1271,252,1359,351
cena_03_patio.jpg,1,1059,37,1103,82
cena_03_patio.jpg,1,1191,47,1242,103
cena_03_patio.jpg,1,1099,151,1192,244
cena_03_patio.jpg,0,1088,192,1101,226
cena_03_patio.jpg,0,1131,104,1145,132
cena_03_patio.jpg,0,1157,53,1167,75
cena_03_patio.jpg,0,1140,62,1148,75
cena_03_patio.jpg,0,898,19,907,37
cena_03_patio.jpg,0,935,111,949,138
cena_03_patio.jpg,1,950,206,1019,298
cena_03_patio.jpg,0,1036,275,1051,318
cena_03_patio.jpg,0,1052,274,1067,318
cena_03_patio.jpg,0,737,237,749,276
cena_03_patio.jpg,1,783,162,887,245
cena_03_patio.jpg,1,805,152,839,176
cena_03_patio.jpg,0,570,31,580,43
cena_03_patio.jpg,1,560,36,582,52
cena_03_patio.jpg,0,617,2,622,19
cena_03_patio.jpg,0,705,91,713,118
cena_03_patio.jpg,0,712,2,716,18
cena_03_patio.jpg,0,673,4,676,18
cena_03_patio.jpg,1,645,0,711,16
cena_03_patio.jpg,1,745,0,791,19
cena_03_patio.jpg,1,656,8,703,48
cena_03_patio.jpg,1,668,59,727,114
cena_03_patio.jpg,1,641,102,689,168
cena_03_patio.jpg,1,626,136,743,199
cena_03_patio.jpg,0,440,51,448,74
cena_03_patio.jpg,1,413,84,492,139
cena_03_patio.jpg,1,417,165,523,229
cena_03_patio.jpg,1,245,114,384,184
cena_03_patio.jpg,1,296,142,418,212
cena_03_patio.jpg,1,352,154,478,223
cena_03_patio.jpg,0,108,134,119,164
cena_03_patio.jpg,0,62,176,79,216
cena_03_patio.jpg,1,64,157,150,201
cena_03_patio.jpg,1,0,193,143,305
cena_03_patio.jpg,0,214,188,234,227
cena_03_patio.jpg,0,240,188,257,225
cena_03_patio.jpg,1,0,305,196,436
cena_03_patio.jpg,0,208,371,237,432
cena_03_patio.jpg,0,108,292,131,346
cena_03_patio.jpg,0,125,307,153,363
cena_03_patio.jpg,0,130,289,156,334
cena_03_patio.jpg,0,151,289,165,338
cena_03_patio.jpg,0,147,297,165,354
cena_03_patio.jpg,0,154,307,178,361
cena_03_patio.jpg,0,212,278,225,318
cena_03_patio.jpg,0,206,273,219,312
cena_03_patio.jpg,1,207,247,338,348
cena_03_patio.jpg,1,224,300,433,427
cena_03_patio.jpg,0,346,197,364,243
cena_03_patio.jpg,0,327,201,343,240
cena_03_patio.jpg,0,306,201,321,242
cena_03_patio.jpg,0,299,196,317,233
cena_03_patio.jpg,0,318,191,329,228
cena_03_patio.jpg,0,329,192,346,228
cena_04_quadra.jpg,1,361,606,486,661
cena_04_quadra.jpg,0,110,691,148,732
cena_04_quadra.jpg,0,87,701,111,739
cena_04_quadra.jpg,0,69,732,94,760
cena_04_quadra.jpg,0,23,715,57,752
cena_04_quadra.jpg,0,271,409,295,459
cena_04_quadra.jpg,0,2,473,29,533
cena_04_quadra.jpg,0,201,357,225,406
cena_04_quadra.jpg,0,14,403,41,460
cena_04_quadra.jpg,0,120,302,143,348
cena_04_quadra.jpg,0,47,293,67,336
cena_04_quadra.jpg,0,235,263,259,307
cena_04_quadra.jpg,0,174,268,196,312
cena_04_quadra.jpg,0,419,280,440,321
cena_04_quadra.jpg,0,428,286,438,304
cena_04_quadra.jpg,0,440,489,466,539
cena_04_quadra.jpg,0,385,609,408,661
cena_04_quadra.jpg,1,1065,486,1102,529
cena_04_quadra.jpg,0,1323,467,1348,513
cena_04_quadra.jpg,0,1153,367,1168,402
cena_04_quadra.jpg,0,856,405,879,458
cena_04_quadra.jpg,0,801,441,826,489
cena_04_quadra.jpg,1,775,554,800,612
cena_04_quadra.jpg,0,754,508,789,561
cena_04_quadra.jpg,0,749,500,784,541
cena_04_quadra.jpg,0,759,460,782,504
cena_04_quadra.jpg,0,706,422,728,474
cena_04_quadra.jpg,0,735,433,758,475
cena_04_quadra.jpg,0,750,397,769,448
cena_04_quadra.jpg,0,777,405,798,457
cena_04_quadra.jpg,0,808,301,825,342
cena_04_quadra.jpg,0,1027,396,1052,433
cena_04_quadra.jpg,0,1014,387,1046,425
cena_04_quadra.jpg,0,997,379,1022,409
cena_04_quadra.jpg,1,919,313,947,341
cena_04_quadra.jpg,1,940,273,966,303
cena_04_quadra.jpg,0,910,269,930,297
cena_04_quadra.jpg,0,771,215,783,240
cena_04_quadra.jpg,0,796,219,808,242
cena_04_quadra.jpg,0,834,223,846,249
cena_04_quadra.jpg,0,821,220,836,247
cena_04_quadra.jpg,0,819,214,833,238
cena_04_quadra.jpg,0,640,261,659,297
cena_04_quadra.jpg,0,673,233,686,269
cena_04_quadra.jpg,0,538,240,559,273
cena_04_quadra.jpg,0,596,229,616,269
cena_04_quadra.jpg,0,586,233,597,266
cena_04_quadra.jpg,0,643,228,657,261
cena_04_quadra.jpg,0,640,219,653,254
cena_04_quadra.jpg,0,629,223,643,254
cena_04_quadra.jpg,0,652,207,663,239
cena_04_quadra.jpg,0,624,203,639,233
cena_04_quadra.jpg,0,606,206,617,240
cena_04_quadra.jpg,0,593,208,605,237
cena_04_quadra.jpg,1,428,213,441,238
cena_05_rua_noturna.jpg,0,468,438,489,472
cena_05_rua_noturna.jpg,0,469,427,490,461
cena_05_rua_noturna.jpg,1,466,440,485,479
cena_05_rua_noturna.jpg,1,176,432,280,523
cena_05_rua_noturna.jpg,1,384,332,433,389
cena_05_rua_noturna.jpg,1,471,300,503,341
cena_05_rua_noturna.jpg,0,340,457,360,502
cena_05_rua_noturna.jpg,0,380,439,402,475
cena_05_rua_noturna.jpg,0,384,432,402,466
cena_05_rua_noturna.jpg,0,280,440,298,478
cena_05_rua_noturna.jpg,0,274,431,292,474
cena_05_rua_noturna.jpg,0,325,428,339,454
cena_05_rua_noturna.jpg,1,323,442,342,473
cena_05_rua_noturna.jpg,1,337,477,365,515
cena_05_rua_noturna.jpg,0,320,409,339,433
cena_05_rua_noturna.jpg,1,319,424,336,444
cena_05_rua_noturna.jpg,0,314,383,328,416
cena_05_rua_noturna.jpg,0,327,353,339,380
cena_05_rua_noturna.jpg,0,310,362,316,385
cena_05_rua_noturna.jpg,0,543,488,557,522
cena_05_rua_noturna.jpg,0,505,406,521,435
cena_05_rua_noturna.jpg,1,507,412,526,442
cena_05_rua_noturna.jpg,0,441,309,456,326
cena_05_rua_noturna.jpg,1,440,309,456,335
cena_05_rua_noturna.jpg,0,443,301,456,322
cena_05_rua_noturna.jpg,0,362,257,374,274
cena_05_rua_noturna.jpg,1,362,268,371,282
cena_05_rua_noturna.jpg,0,388,245,395,262
cena_05_rua_noturna.jpg,0,425,229,435,243
cena_05_rua_noturna.jpg,1,424,238,436,251
cena_05_rua_noturna.jpg,1,591,381,617,408
cena_05_rua_noturna.jpg,0,696,365,716,407
cena_05_rua_noturna.jpg,0,728,357,757,388
cena_05_rua_noturna.jpg,0,547,226,556,246
cena_05_rua_noturna.jpg,0,542,225,551,245
cena_05_rua_noturna.jpg,0,380,247,389,262
cena_05_rua_noturna.jpg,0,413,222,421,243
cena_05_rua_noturna.jpg,0,405,224,413,241
cena_05_rua_noturna.jpg,0,397,227,405,245
cena_05_rua_noturna.jpg,0,390,226,398,244
cena_05_rua_noturna.jpg,0,449,213,458,224
cena_05_rua_noturna.jpg,1,449,217,458,230
cena_05_rua_noturna.jpg,1,418,195,431,207
cena_05_rua_noturna.jpg,0,418,184,428,202
cena_05_rua_noturna.jpg,0,563,229,574,246
cena_05_rua_noturna.jpg,1,562,242,571,256
cena_05_rua_noturna.jpg,0,552,190,558,203
cena_05_rua_noturna.jpg,0,557,183,563,202
cena_05_rua_noturna.jpg,0,563,187,569,203
cena_05_rua_noturna.jpg,0,511,177,520,190
cena_05_rua_noturna.jpg,1,512,184,518,191
cena_06_cruzamento.jpg,0,481,404,491,428
cena_06_cruzamento.jpg,0,431,360,439,379
cena_06_cruzamento.jpg,0,394,344,403,362
cena_06_cruzamento.jpg,0,387,383,394,398
cena_06_cruzamento.jpg,0,387,380,394,396
cena_06_cruzamento.jpg,0,359,424,371,442
cena_06_cruzamento.jpg,0,367,301,373,314
cena_06_cruzamento.jpg,0,457,246,461,255
cena_06_cruzamento.jpg,0,318,294,321,310
cena_06_cruzamento.jpg,0,313,297,317,308
cena_06_cruzamento.jpg,0,319,297,323,305
cena_06_cruzamento.jpg,1,311,304,329,312
cena_06_cruzamento.jpg,1,362,307,386,317
cena_06_cruzamento.jpg,0,383,255,388,264
cena_06_cruzamento.jpg,0,366,265,372,277
cena_06_cruzamento.jpg,0,500,268,503,281
cena_06_cruzamento.jpg,0,495,267,500,279
cena_06_cruzamento.jpg,0,492,265,497,276
cena_06_cruzamento.jpg,0,323,291,329,302
cena_06_cruzamento.jpg,1,320,297,336,306
cena_06_cruzamento.jpg,0,318,442,327,478
cena_06_cruzamento.jpg,0,304,445,315,477
cena_06_cruzamento.jpg,0,281,488,297,527
cena_06_cruzamento.jpg,0,253,495,269,529
cena_06_cruzamento.jpg,1,243,451,306,479
cena_06_cruzamento.jpg,1,259,429,317,462
cena_06_cruzamento.jpg,1,228,430,273,468
cena_06_cruzamento.jpg,0,324,392,333,423
cena_06_cruzamento.jpg,0,317,389,326,422
cena_06_cruzamento.jpg,1,273,384,332,414
cena_06_cruzamento.jpg,1,546,433,562,463
cena_06_cruzamento.jpg,0,550,425,561,448
cena_06_cruzamento.jpg,1,177,408,188,432
cena_06_cruzamento.jpg,1,172,436,195,457
cena_06_cruzamento.jpg,1,444,305,468,327
cena_06_cruzamento.jpg,1,443,263,461,283
cena_06_cruzamento.jpg,1,441,167,447,174
cena_06_cruzamento.jpg,0,488,241,492,250
cena_06_cruzamento.jpg,1,488,245,494,252
cena_06_cruzamento.jpg,1,480,247,485,256
cena_06_cruzamento.jpg,0,485,249,488,256
cena_06_cruzamento.jpg,1,636,271,665,286
cena_06_cruzamento.jpg,0,642,269,649,282
cena_06_cruzamento.jpg,1,528,240,543,251
cena_06_cruzamento.jpg,0,463,223,466,228
cena_06_cruzamento.jpg,1,462,224,468,231
cena_06_cruzamento.jpg,1,334,272,352,281
cena_06_cruzamento.jpg,1,328,260,333,269
cena_06_cruzamento.jpg,0,361,251,365,264
cena_06_cruzamento.jpg,0,354,252,358,263
cena_06_cruzamento.jpg,0,338,256,343,267
cena_06_cruzamento.jpg,1,479,216,491,228
cena_06_cruzamento.jpg,1,465,213,476,222
cena_06_cruzamento.jpg,0,369,345,381,360
cena_06_cruzamento.jpg,0,361,347,369,361
cena_06_cruzamento.jpg,0,344,332,352,353
cena_06_cruzamento.jpg,0,353,340,363,361
cena_06_cruzamento.jpg,0,328,329,335,350
cena_06_cruzamento.jpg,0,353,358,360,373
cena_06_cruzamento.jpg,1,347,366,369,379
cena_06_cruzamento.jpg,1,431,183,437,190
cena_06_cruzamento.jpg,1,408,206,414,213
cena_06_cruzamento.jpg,1,414,175,426,187
cena_07_quadras_aereas.jpg,0,415,772,419,781
cena_07_quadras_aereas.jpg,0,421,772,425,776
cena_07_quadras_aereas.jpg,0,668,297,672,306
cena_07_quadras_aereas.jpg,0,647,312,652,321
cena_07_quadras_aereas.jpg,0,643,323,647,332
cena_07_quadras_aereas.jpg,0,505,366,510,376
cena_07_quadras_aereas.jpg,0,512,377,518,385
cena_07_quadras_aereas.jpg,0,482,412,489,422
cena_07_quadras_aereas.jpg,0,621,357,623,367
cena_07_quadras_aereas.jpg,0,694,297,698,308
cena_07_quadras_aereas.jpg,0,644,364,650,374
cena_07_quadras_aereas.jpg,0,630,369,638,377
cena_07_quadras_aereas.jpg,0,741,375,747,382
cena_07_quadras_aereas.jpg,0,708,304,711,312
cena_07_quadras_aereas.jpg,0,700,300,706,310
cena_07_quadras_aereas.jpg,0,536,406,539,412
cena_07_quadras_aereas.jpg,0,530,411,534,417
cena_07_quadras_aereas.jpg,0,517,404,522,412
cena_07_quadras_aereas.jpg,0,527,372,531,380
cena_07_quadras_aereas.jpg,0,509,397,515,408
cena_07_quadras_aereas.jpg,0,519,423,527,432
cena_07_quadras_aereas.jpg,0,762,352,770,360
cena_07_quadras_aereas.jpg,0,754,361,761,367
cena_07_quadras_aereas.jpg,0,616,353,621,363
cena_07_quadras_aereas.jpg,0,638,365,643,375
cena_07_quadras_aereas.jpg,0,526,393,530,400
cena_07_quadras_aereas.jpg,0,522,387,528,393
cena_07_quadras_aereas.jpg,0,506,389,511,397
cena_07_quadras_aereas.jpg,0,495,422,500,428
cena_07_quadras_aereas.jpg,0,503,421,508,430
cena_07_quadras_aereas.jpg,0,513,425,519,433
cena_07_quadras_aereas.jpg,0,491,420,497,427
cena_07_quadras_aereas.jpg,0,648,519,654,526
cena_07_quadras_aereas.jpg,0,641,531,651,537
cena_07_quadras_aereas.jpg,0,591,505,597,511
cena_07_quadras_aereas.jpg,0,583,521,589,527
cena_07_quadras_aereas.jpg,0,765,617,773,626
cena_07_quadras_aereas.jpg,0,644,751,652,757
cena_07_quadras_aereas.jpg,0,616,749,622,756
cena_07_quadras_aereas.jpg,0,625,759,633,767
cena_07_quadras_aereas.jpg,0,771,220,776,229
cena_07_quadras_aereas.jpg,0,776,221,780,232
cena_07_quadras_aereas.jpg,0,812,283,815,292
cena_07_quadras_aereas.jpg,0,799,344,804,353
cena_07_quadras_aereas.jpg,0,780,344,785,354
cena_07_quadras_aereas.jpg,0,778,374,784,380
cena_07_quadras_aereas.jpg,0,803,402,806,410
cena_07_quadras_aereas.jpg,0,826,365,831,378
cena_07_quadras_aereas.jpg,0,833,425,840,434
cena_07_quadras_aereas.jpg,0,846,348,853,358
cena_07_quadras_aereas.jpg,0,870,382,874,389
cena_07_quadras_aereas.jpg,1,1226,236,1257,299
cena_07_quadras_aereas.jpg,1,1187,249,1207,283
cena_08_avenida_noturna.jpg,1,658,420,707,466
cena_08_avenida_noturna.jpg,1,521,451,601,518
cena_08_avenida_noturna.jpg,1,288,472,402,534
cena_08_avenida_noturna.jpg,1,722,379,739,396
cena_08_avenida_noturna.jpg,1,634,381,656,398
cena_08_avenida_noturna.jpg,1,673,364,689,377
cena_08_avenida_noturna.jpg,1,495,377,579,432
cena_08_avenida_noturna.jpg,1,627,372,648,389
cena_08_avenida_noturna.jpg,1,696,362,710,373
cena_08_avenida_noturna.jpg,1,726,355,736,364
cena_08_avenida_noturna.jpg,1,617,364,634,374
cena_08_avenida_noturna.jpg,1,553,566,583,632
cena_08_avenida_noturna.jpg,1,715,552,751,606
cena_08_avenida_noturna.jpg,1,654,727,701,817
cena_08_avenida_noturna.jpg,1,751,512,777,555
cena_08_avenida_noturna.jpg,1,739,485,760,514
cena_08_avenida_noturna.jpg,1,754,460,771,484
cena_08_avenida_noturna.jpg,1,841,431,863,448
cena_08_avenida_noturna.jpg,0,663,699,702,783
cena_08_avenida_noturna.jpg,0,555,547,582,611
cena_08_avenida_noturna.jpg,0,717,534,745,586
cena_08_avenida_noturna.jpg,0,753,496,775,539
cena_08_avenida_noturna.jpg,0,745,470,756,505
cena_08_avenida_noturna.jpg,0,757,443,770,471
cena_08_avenida_noturna.jpg,0,845,421,859,441
cena_08_avenida_noturna.jpg,0,930,481,957,518
cena_08_avenida_noturna.jpg,0,1183,668,1224,816
cena_08_avenida_noturna.jpg,0,1117,649,1161,771
cena_08_avenida_noturna.jpg,0,272,415,283,442
cena_08_avenida_noturna.jpg,0,114,461,135,485
cena_08_avenida_noturna.jpg,0,96,462,115,486
cena_08_avenida_noturna.jpg,0,77,468,100,492
cena_08_avenida_noturna.jpg,0,180,447,195,468
cena_08_avenida_noturna.jpg,0,172,421,188,453
cena_08_avenida_noturna.jpg,0,258,428,266,445
cena_08_avenida_noturna.jpg,0,538,433,550,450
cena_08_avenida_noturna.jpg,0,544,438,553,453
cena_08_avenida_noturna.jpg,1,537,438,555,461
cena_08_avenida_noturna.jpg,1,809,406,830,422
cena_08_avenida_noturna.jpg,0,1092,445,1117,497
cena_08_avenida_noturna.jpg,0,1227,453,1250,504
cena_08_avenida_noturna.jpg,0,1347,385,1361,419
cena_08_avenida_noturna.jpg,0,1318,388,1328,420
cena_08_avenida_noturna.jpg,0,1329,385,1343,411
cena_08_avenida_noturna.jpg,0,1311,386,1321,414
cena_08_avenida_noturna.jpg,0,1162,460,1179,503
cena_08_avenida_noturna.jpg,0,1064,465,1085,499
cena_08_avenida_noturna.jpg,0,1029,467,1045,499
cena_08_avenida_noturna.jpg,0,1007,467,1027,500
cena_08_avenida_noturna.jpg,0,988,464,1005,499
cena_08_avenida_noturna.jpg,0,966,446,982,503
cena_08_avenida_noturna.jpg,1,885,369,905,386
cena_08_avenida_noturna.jpg,1,899,376,916,391
cena_08_avenida_noturna.jpg,1,807,364,821,378
cena_08_avenida_noturna.jpg,1,822,389,836,399
cena_08_avenida_noturna.jpg,1,552,384,591,403
cena_08_avenida_noturna.jpg,0,440,396,448,418
cena_08_avenida_noturna.jpg,0,461,398,469,420
cena_08_avenida_noturna.jpg,0,431,396,439,417
cena_08_avenida_noturna.jpg,1,733,350,741,358
cena_08_avenida_noturna.jpg,1,724,373,744,390
cena_09_avenida_aerea.jpg,1,815,649,870,734
cena_09_avenida_aerea.jpg,1,900,509,962,597
cena_09_avenida_aerea.jpg,1,864,545,895,591
cena_09_avenida_aerea.jpg,1,758,410,784,446
cena_09_avenida_aerea.jpg,1,801,376,823,408
cena_09_avenida_aerea.jpg,0,878,394,887,407
cena_09_avenida_aerea.jpg,0,686,262,690,274
cena_09_avenida_aerea.jpg,0,675,295,680,308
cena_09_avenida_aerea.jpg,1,719,273,741,297
cena_09_avenida_aerea.jpg,1,714,250,720,264
cena_09_avenida_aerea.jpg,0,714,249,720,260
cena_09_avenida_aerea.jpg,1,787,218,806,249
cena_09_avenida_aerea.jpg,1,711,218,725,239
cena_09_avenida_aerea.jpg,1,713,197,728,217
cena_09_avenida_aerea.jpg,1,716,153,735,186
cena_09_avenida_aerea.jpg,1,728,145,740,161
cena_09_avenida_aerea.jpg,1,748,145,760,161
cena_09_avenida_aerea.jpg,0,697,147,700,156
cena_09_avenida_aerea.jpg,0,707,146,711,157
cena_09_avenida_aerea.jpg,0,700,134,704,144
cena_09_avenida_aerea.jpg,0,671,100,674,108
cena_09_avenida_aerea.jpg,1,564,81,589,93
cena_09_avenida_aerea.jpg,1,595,66,651,96
cena_09_avenida_aerea.jpg,0,758,59,762,70
cena_09_avenida_aerea.jpg,0,769,62,772,72
cena_09_avenida_aerea.jpg,0,790,63,794,73
cena_09_avenida_aerea.jpg,0,715,41,717,51
cena_09_avenida_aerea.jpg,0,726,31,730,42
cena_09_avenida_aerea.jpg,0,748,7,751,16
cena_09_avenida_aerea.jpg,0,718,18,721,27
cena_09_avenida_aerea.jpg,0,444,137,448,148
cena_09_avenida_aerea.jpg,0,444,98,449,107
cena_09_avenida_aerea.jpg,0,156,263,162,275
cena_09_avenida_aerea.jpg,0,215,247,219,257
cena_09_avenida_aerea.jpg,0,161,208,166,218
cena_09_avenida_aerea.jpg,0,171,195,176,205
cena_09_avenida_aerea.jpg,0,178,189,183,198
cena_09_avenida_aerea.jpg,0,178,184,184,193
cena_09_avenida_aerea.jpg,0,184,185,190,195
cena_09_avenida_aerea.jpg,0,188,184,194,195
cena_09_avenida_aerea.jpg,0,189,193,195,203
cena_09_avenida_aerea.jpg,0,201,184,208,195
cena_09_avenida_aerea.jpg,0,208,188,214,199
cena_09_avenida_aerea.jpg,0,217,190,223,199
cena_09_avenida_aerea.jpg,0,228,183,234,197
cena_09_avenida_aerea.jpg,0,235,186,240,196
cena_09_avenida_aerea.jpg,0,238,189,243,200
cena_09_avenida_aerea.jpg,0,117,225,125,237
cena_09_avenida_aerea.jpg,0,289,196,296,207
cena_09_avenida_aerea.jpg,0,303,199,310,210
cena_09_avenida_aerea.jpg,0,341,202,348,212
cena_09_avenida_aerea.jpg,0,341,199,347,210
cena_09_avenida_aerea.jpg,0,348,197,355,209
cena_09_avenida_aerea.jpg,1,488,58,520,79
cena_09_avenida_aerea.jpg,1,543,24,556,38
cena_09_avenida_aerea.jpg,1,551,14,563,25
cena_09_avenida_aerea.jpg,1,560,3,573,16
cena_09_avenida_aerea.jpg,0,862,96,866,107
cena_09_avenida_aerea.jpg,1,320,34,341,48
cena_09_avenida_aerea.jpg,1,314,15,342,37
cena_09_avenida_aerea.jpg,1,299,0,320,16
cena_10_onibus.jpg,1,748,72,771,98
cena_10_onibus.jpg,0,1189,55,1199,79
cena_10_onibus.jpg,0,1139,62,1151,84
cena_10_onibus.jpg,0,1134,58,1144,82
cena_10_onibus.jpg,0,774,100,783,120
cena_10_onibus.jpg,0,771,110,778,135
cena_10_onibus.jpg,0,765,119,776,146
cena_10_onibus.jpg,0,1138,295,1162,338
cena_10_onibus.jpg,0,770,182,780,211
cena_10_onibus.jpg,0,720,195,729,223
cena_10_onibus.jpg,0,662,227,674,261
cena_10_onibus.jpg,0,701,249,713,281
cena_10_onibus.jpg,0,743,243,752,275
cena_10_onibus.jpg,0,737,301,749,338
cena_10_onibus.jpg,0,725,299,737,335
cena_10_onibus.jpg,0,709,283,724,318
cena_10_onibus.jpg,0,667,310,680,346
cena_10_onibus.jpg,0,690,324,702,359
cena_10_onibus.jpg,0,705,319,716,358
cena_10_onibus.jpg,0,650,370,663,413
cena_10_onibus.jpg,0,667,381,682,420
cena_10_onibus.jpg,0,692,393,706,428
cena_10_onibus.jpg,0,659,420,676,462
cena_10_onibus.jpg,0,740,191,752,222
cena_10_onibus.jpg,0,724,252,737,283
cena_10_onibus.jpg,0,729,266,739,302
cena_10_onibus.jpg,0,688,269,701,301
cena_10_onibus.jpg,0,688,294,702,323
cena_10_onibus.jpg,0,697,301,710,334
cena_10_onibus.jpg,0,690,378,703,416
cena_10_onibus.jpg,0,613,413,630,457
cena_10_onibus.jpg,0,708,622,724,667
cena_10_onibus.jpg,0,472,539,492,578
cena_10_onibus.jpg,0,508,573,535,612
cena_10_onibus.jpg,0,394,557,414,601
cena_10_onibus.jpg,0,294,680,315,723
cena_10_onibus.jpg,0,260,716,282,762
cena_10_onibus.jpg,0,521,774,544,820
cena_10_onibus.jpg,0,478,825,507,872
cena_10_onibus.jpg,0,465,705,506,751
cena_10_onibus.jpg,0,525,687,555,746
cena_10_onibus.jpg,0,578,698,596,739
cena_10_onibus.jpg,0,549,666,573,709
cena_10_onibus.jpg,0,575,568,599,615
cena_10_onibus.jpg,0,631,544,653,586
cena_10_onibus.jpg,0,591,501,613,552
cena_10_onibus.jpg,0,627,472,647,517
cena_10_onibus.jpg,0,660,459,678,505
cena_10_onibus.jpg,0,719,637,735,691
cena_10_onibus.jpg,1,529,277,653,434
cena_10_onibus.jpg,1,101,579,501,1049
cena_10_onibus.jpg,0,477,549,499,595
