imagem,nome_original,largura_px,altura_px,total_anotacoes,classe_0,classe_1
cena_01_parque.jpg,0000016_01352_d_0000069.jpg,960,540,61,45,16
cena_02_praca_noturna.jpg,0000039_00000_d_0000055.jpg,960,540,60,58,2
cena_03_patio.jpg,0000076_03930_d_0000013.jpg,1360,765,64,34,30
cena_04_quadra.jpg,0000079_00507_d_0000001.jpg,1360,765,55,49,6
cena_05_rua_noturna.jpg,0000106_00673_d_0000050.jpg,960,540,51,35,16
cena_06_cruzamento.jpg,0000169_00001_d_0000001.jpg,960,540,63,37,26
cena_07_quadras_aereas.jpg,9999940_00000_d_0000016.jpg,1400,788,53,51,2
cena_08_avenida_noturna.jpg,9999950_00000_d_0000020.jpg,1400,1050,61,34,27
cena_09_avenida_aerea.jpg,9999956_00000_d_0000022.jpg,1400,788,61,39,22
cena_10_onibus.jpg,9999989_00000_d_0000004.jpg,1400,1050,52,49,3
